{"0":Infinity,"1":0,"2":0,"3":0,"4":0,"5":0.6778741865509761,"6":0.880529726683573,"7":0.9728208812260537,"8":1.161890007745933,"9":1.183662959240462,"10":1.135295959912308,"11":1.131766449540517,"12":1.1901195454564109,"13":1.1628955624854644,"14":1.1925942712904682,"15":1.140768805909286,"16":1.1334919788645994,"17":1.1628024692468972,"18":1.1480846392535278,"19":1.199812802687582,"20":1.2526108295152627,"21":1.2587217583719004,"22":1.2838499910921073,"23":1.4130987414056657,"24":1.4210967875417118,"25":1.4639023442615615,"26":1.471228052933048,"27":1.5596149909503814,"28":1.696518731066476,"29":1.6696076026492181,"30":1.7637575869351962,"31":1.8337125554132059,"32":1.9269683957266135,"33":1.954222274505836,"34":2.059834836249862,"35":2.2411187400116197,"36":2.332303199415922,"37":2.424522233837927,"38":2.619128012314553,"39":2.6359246581727356,"40":2.892419916590682,"41":3.0881598082704564,"42":3.1955017931235403,"43":3.488690302513672,"44":3.694951275035449,"45":4.004285780318961,"46":4.229549982437187,"47":4.77941485320926,"48":4.9046511739869265,"49":5.301279834850132,"50":5.669224690096421,"51":6.37454670768296,"52":6.62615314014159,"53":7.471750319442667,"54":7.995546244757588,"55":8.663253177288114,"56":9.422987284972171,"57":10.147565826338285,"58":10.66348073227017,"59":11.888219196767318,"60":12.936794249135959,"61":14.313953393194788,"62":15.776978693577306,"63":15.781382101917144,"64":18.000681292477726,"65":19.521367307800453,"66":20.271858666984397,"67":22.675781250000043,"68":25.37688112554829,"69":26.220683082410567,"70":28.453493616976647,"71":31.88787192340809,"72":33.78933249387518,"73":36.153606989963116,"74":39.5503746877601,"75":43.03001306945476,"76":43.39948594783634,"77":48.474466825707104,"78":48.633416156596496,"79":52.10467371411401,"80":53.73510906710106,"81":56.46560030834453,"82":59.06040268456381,"83":64.06001062134895,"84":69.81322102179088,"85":69.12442396313364,"86":74.8142197228359,"87":86.7108339828527,"88":83.11345646437995,"89":92.47448979591836,"90":99.38837920489298,"91":85.22727272727272,"92":0,"93":0,"94":0,"95":3.516174402250352,"96":0,"97":0,"98":0,"99":0}